,Decision Tree,Random Forest,KNN,SVM,LightGBM
Accuracy,0.9259259259259259,1.0,0.6666666666666666,0.7037037037037037,0.8888888888888888
