,Decision Tree,Random Forest,KNN,SVM,LightGBM
Accuracy,0.7407407407407407,0.7777777777777778,0.5185185185185185,0.6666666666666666,0.8888888888888888
