,Decision Tree,Random Forest,KNN,SVM,LightGBM
Accuracy,0.8518518518518519,0.8518518518518519,0.7037037037037037,0.7407407407407407,0.8148148148148148
