,Decision Tree,Random Forest,KNN,SVM,LightGBM
Accuracy,0.8888888888888888,0.9259259259259259,0.7037037037037037,0.8148148148148148,0.8518518518518519
