,Decision Tree,Random Forest,KNN,SVM,LightGBM
Accuracy,1.0,1.0,0.7777777777777778,0.7407407407407407,0.9629629629629629
