algorithm,Decision Tree,KNN,LightGBM,Random Forest,SVM
AES,1.0,0.8,1.0,1.0,1.0
ASCONv2,1.0,1.0,1.0,1.0,1.0
LEA,0.6666666666666666,0.6666666666666666,0.6666666666666666,0.8,1.0
MSEA,0.8571428571428571,0.0,1.0,0.8571428571428571,0.5
PRESENT,0.8571428571428571,1.0,1.0,0.8571428571428571,0.8
PRINCE,0.2857142857142857,0.0,0.4,0.5,0.3333333333333333
RECTANGLE,0.8,1.0,1.0,0.8,0.8571428571428571
SIMON,0.4,0.3333333333333333,0.8571428571428571,0.4,0.3333333333333333
XTEA,0.8,0.0,1.0,0.8,0.0
