algorithm,Decision Tree,KNN,LightGBM,Random Forest,SVM
AES,1.0,1.0,1.0,1.0,1.0
ASCONv2,1.0,1.0,0.8,1.0,1.0
LEA,1.0,0.5,1.0,1.0,1.0
MSEA,0.8,1.0,0.5,0.8,0.8
PRESENT,1.0,1.0,1.0,1.0,1.0
PRINCE,0.6666666666666666,0.4444444444444444,0.8,0.8,0.3333333333333333
RECTANGLE,1.0,1.0,1.0,1.0,1.0
SIMON,0.6666666666666666,0.0,0.8571428571428571,0.8571428571428571,0.3333333333333333
XTEA,0.8571428571428571,0.0,0.6666666666666666,0.8571428571428571,0.8571428571428571
