algorithm,Decision Tree,KNN,LightGBM,Random Forest,SVM
AES,1.0,1.0,1.0,1.0,1.0
ASCONv2,1.0,1.0,1.0,1.0,1.0
LEA,0.8571428571428571,0.3333333333333333,1.0,1.0,0.8571428571428571
MSEA,1.0,0.5,0.8,1.0,0.5
PRESENT,1.0,1.0,1.0,0.75,1.0
PRINCE,0.8571428571428571,0.5,0.6666666666666666,0.75,0.5714285714285714
RECTANGLE,0.5,1.0,0.4,0.5,0.5
SIMON,0.3333333333333333,0.3333333333333333,0.5714285714285714,0.5,0.4
XTEA,1.0,0.6,0.8571428571428571,1.0,0.6666666666666666
