algorithm,Decision Tree,KNN,LightGBM,Random Forest,SVM
AES,1.0,1.0,1.0,1.0,1.0
ASCONv2,1.0,1.0,1.0,1.0,1.0
LEA,1.0,0.2857142857142857,1.0,1.0,1.0
MSEA,1.0,0.75,1.0,1.0,0.75
PRESENT,1.0,0.6666666666666666,1.0,1.0,1.0
PRINCE,1.0,0.0,1.0,1.0,0.8
RECTANGLE,1.0,0.6666666666666666,1.0,1.0,1.0
SIMON,1.0,0.3333333333333333,1.0,1.0,0.8571428571428571
XTEA,1.0,0.5,1.0,1.0,0.5
