algorithm,Decision Tree,KNN,LightGBM,Random Forest,SVM
AES,1.0,1.0,1.0,1.0,0.8
ASCONv2,1.0,1.0,1.0,1.0,1.0
LEA,1.0,0.8,1.0,1.0,1.0
MSEA,1.0,0.6666666666666666,1.0,1.0,0.2857142857142857
PRESENT,1.0,1.0,0.8571428571428571,1.0,0.8
PRINCE,1.0,0.5714285714285714,1.0,1.0,0.8
RECTANGLE,1.0,1.0,0.8,1.0,0.8571428571428571
SIMON,1.0,0.4,1.0,1.0,0.8571428571428571
XTEA,1.0,0.5714285714285714,1.0,1.0,0.3333333333333333
