algorithm,Decision Tree,KNN,LightGBM,Random Forest,SVM
AES,1.0,1.0,1.0,1.0,1.0
ASCONv2,1.0,1.0,1.0,1.0,1.0
LEA,1.0,0.25,1.0,1.0,1.0
MSEA,1.0,0.6,1.0,1.0,0.6
PRESENT,1.0,0.6666666666666666,1.0,1.0,1.0
PRINCE,1.0,0.0,1.0,1.0,1.0
RECTANGLE,1.0,0.6666666666666666,1.0,1.0,1.0
SIMON,1.0,0.3333333333333333,1.0,1.0,0.75
XTEA,1.0,1.0,1.0,1.0,1.0
