algorithm,Decision Tree,KNN,LightGBM,Random Forest,SVM
AES,1.0,1.0,1.0,1.0,1.0
ASCONv2,1.0,1.0,1.0,1.0,1.0
LEA,0.75,0.3333333333333333,1.0,1.0,0.75
MSEA,1.0,1.0,1.0,1.0,1.0
PRESENT,1.0,1.0,1.0,0.6,1.0
PRINCE,0.75,1.0,0.6666666666666666,0.6,0.5
RECTANGLE,1.0,1.0,0.5,1.0,1.0
SIMON,0.3333333333333333,0.3333333333333333,0.5,1.0,0.5
XTEA,1.0,0.42857142857142855,0.75,1.0,0.5
