algorithm,Decision Tree,KNN,LightGBM,Random Forest,SVM
AES,1.0,1.0,1.0,1.0,1.0
ASCONv2,1.0,1.0,1.0,1.0,1.0
LEA,0.6666666666666666,0.6666666666666666,0.6666666666666666,1.0,1.0
MSEA,0.75,0.0,1.0,0.75,0.4
PRESENT,0.75,1.0,1.0,0.75,1.0
PRINCE,0.25,0.0,0.5,0.4,0.3333333333333333
RECTANGLE,1.0,1.0,1.0,1.0,0.75
SIMON,0.5,0.3333333333333333,0.75,0.5,0.3333333333333333
XTEA,1.0,0.0,1.0,1.0,0.0
