algorithm,Decision Tree,KNN,LightGBM,Random Forest,SVM
AES,1.0,1.0,1.0,1.0,1.0
ASCONv2,1.0,1.0,1.0,1.0,1.0
LEA,1.0,0.4,1.0,1.0,1.0
MSEA,1.0,1.0,1.0,1.0,1.0
PRESENT,1.0,1.0,1.0,1.0,1.0
PRINCE,0.6666666666666666,0.3333333333333333,1.0,1.0,0.3333333333333333
RECTANGLE,1.0,1.0,1.0,1.0,1.0
SIMON,0.6666666666666666,0.0,0.75,0.75,0.3333333333333333
XTEA,0.75,0.0,0.5,0.75,0.75
