Model,Accuracy,Precision,Recall,F1
Random Forest,0.9351851851851852,0.9373219373219374,0.9351851851851851,0.9355233494363928
Decision Tree,0.9351851851851852,0.9356384356384356,0.9351851851851851,0.9347181964573268
LightGBM,0.9351851851851852,0.9361823361823363,0.9351851851851851,0.934226321182843
KNN,0.6574074074074074,0.7003968253968255,0.6574074074074073,0.6563672952561841
SVM,0.6296296296296297,0.6634705450494924,0.6296296296296295,0.6201109853486763
