Model,Accuracy,Precision,Recall,F1
Decision Tree,0.9351851851851852,0.9356384356384356,0.9351851851851851,0.9347181964573268
Random Forest,0.9351851851851852,0.9373219373219374,0.9351851851851851,0.9355233494363928
SVM,0.05555555555555555,0.009523809523809525,0.05555555555555555,0.016260162601626015
KNN,0.9166666666666666,0.9206071706071707,0.9166666666666666,0.9169119286510592
LightGBM,0.9351851851851852,0.9383116883116883,0.9351851851851851,0.9358045336306205
